Review_ID,Customer_Review,Rating,Category
R001,The product quality is excellent and I am very happy with my purchase.,5,Electronics
R002,Delivery was extremely fast and the packaging was perfect.,5,Delivery
R003,Amazing product. It works perfectly and I would recommend it.,5,Electronics
R004,"The product is okay, nothing special.",3,Electronics
R005,It arrived on time and the quality is decent.,4,Delivery
R006,Very disappointed with the product. It stopped working quickly.,1,Electronics
R007,The delivery was late and the package was damaged.,1,Delivery
R008,Good value for money and the product works well.,4,Electronics
R009,Customer service was helpful and solved my issue quickly.,5,Customer Service
R010,The product quality is poor and I regret buying it.,1,Electronics
R011,Average experience. The product could be better.,3,Electronics
R012,I love this product. Great quality and excellent performance.,5,Electronics
R013,The delivery took too long and I am not satisfied.,2,Delivery
R014,Customer support was slow to respond.,2,Customer Service
R015,Really good experience from ordering to delivery.,5,Delivery
R016,The product is satisfactory for the price.,3,Electronics
R017,Terrible experience. The item was defective.,1,Electronics
R018,Fast shipping and very good packaging.,4,Delivery
R019,The support team was friendly and helpful.,5,Customer Service
R020,Not happy with the purchase. Quality is below expectations.,2,Electronics
