Review_ID,Customer_Review,Rating,Category,Sentiment_Score,Sentiment
R001,The product quality is excellent and I am very happy with my purchase.,5,Electronics,0.8268,Positive
R002,Delivery was extremely fast and the packaging was perfect.,5,Delivery,0.5719,Positive
R003,Amazing product. It works perfectly and I would recommend it.,5,Electronics,0.8885,Positive
R004,"The product is okay, nothing special.",3,Electronics,-0.092,Negative
R005,It arrived on time and the quality is decent.,4,Delivery,0.0,Neutral
R006,Very disappointed with the product. It stopped working quickly.,1,Electronics,-0.6478,Negative
R007,The delivery was late and the package was damaged.,1,Delivery,-0.4404,Negative
R008,Good value for money and the product works well.,4,Electronics,0.7506,Positive
R009,Customer service was helpful and solved my issue quickly.,5,Customer Service,0.5994,Positive
R010,The product quality is poor and I regret buying it.,1,Electronics,-0.7096,Negative
R011,Average experience. The product could be better.,3,Electronics,0.4404,Positive
R012,I love this product. Great quality and excellent performance.,5,Electronics,0.9186,Positive
R013,The delivery took too long and I am not satisfied.,2,Delivery,-0.3252,Negative
R014,Customer support was slow to respond.,2,Customer Service,0.4019,Positive
R015,Really good experience from ordering to delivery.,5,Delivery,0.4927,Positive
R016,The product is satisfactory for the price.,3,Electronics,0.3612,Positive
R017,Terrible experience. The item was defective.,1,Electronics,-0.7184,Negative
R018,Fast shipping and very good packaging.,4,Delivery,0.4927,Positive
R019,The support team was friendly and helpful.,5,Customer Service,0.8271,Positive
R020,Not happy with the purchase. Quality is below expectations.,2,Electronics,-0.4585,Negative
